Return_ID,Order_ID,Customer_ID,Product_ID,Return_Date,Return_Quantity,Return_Reason,Return_Status,Refund_Amount
R0001,O00570,C0030,P013,18/11/2025,1,Size/Color Issue,Approved,23515.5
R0002,O01232,C0312,P009,14/08/2025,1,Changed Mind,Rejected,0
R0003,O01696,C0326,P015,16/02/2025,2,Defective,Refunded,13585.19
R0004,O01594,C0420,P035,9/3/2025,3,Defective,Rejected,62370.21
R0005,O02883,C0155,P001,12/5/2025,2,Not as Expected,Rejected,56118.67
R0006,O02771,C0205,P016,23/06/2025,1,Late Delivery,Approved,10986.4
R0007,O01854,C0387,P008,26/04/2025,3,Size/Color Issue,Refunded,"101,430.00"
R0008,O02999,C0255,P007,13/10/2025,2,Damaged,Refunded,1536.94
R0009,O02570,C0393,P029,2/10/2025,1,Late Delivery,Rejected,50625.71
R0010,O01189,C0406,P049,11/12/2025,2,Changed Mind,Refunded,61770.09
R0011,O00254,C0304,P033,10/7/2025,1,Size/Color Issue,Pending,35625.03
R0012,O01094,C0196,P031,14/11/2025,3,Defective,Pending,48750.1
R0013,O00206,C0388,P040,22/11/2025,2,Size/Color Issue,Rejected,48868.34
R0014,O00407,C0190,P012,1/3/2025,1,Damaged,Approved,23175.16
R0015,O01789,C0342,P013,10/9/2025,1,Damaged,Pending,66600.82
R0016,O02618,C0291,P014,11/3/2025,2,Late Delivery,Rejected,50451.22
R0017,O00971,C0478,P039,23/12/2025,3,Late Delivery,Pending,66463.33
R0018,O02058,C0119,P027,2/12/2025,1,Not as Expected,Refunded,46366.09
R0019,O01644,C0208,P023,24/05/2025,1,Size/Color Issue,Rejected,16686.59
R0020,O01436,C0122,P021,16/08/2025,1,Not as Expected,Rejected,7901.92
R0021,O02792,C0156,P033,18/12/2025,2,Changed Mind,Rejected,5010.98
R0022,O02300,C0100,P049,22/05/2025,1,Damaged,Refunded,7329.67
R0023,O02932,C0291,P024,19/04/2025,3,Size/Color Issue,Approved,4268.1
R0024,O01251,C0485,P021,20/06/2025,1,Wrong Item,Pending,5611.46
R0025,O01035,C0448,P047,11/10/2025,1,Changed Mind,Pending,61072.45
R0026,O00949,C0241,P042,30/04/2025,2,Not as Expected,Pending,59253.96
R0027,O00572,C0383,P023,2/11/2025,1,Defective,Pending,74070.78
R0028,O02984,C0300,P033,4/10/2025,2,Not as Expected,Pending,8689.51
R0029,O01201,C0214,P011,14/01/2025,1,Damaged,Rejected,59353.86
R0030,O02292,C0164,P004,2/5/2025,3,Defective,Approved,13481.34
R0031,O02166,C0310,P021,27/01/2025,1,Size/Color Issue,Refunded,39693.37
R0032,O00599,C0002,P001,2/2/2025,2,Late Delivery,Rejected,38736.23
R0033,O00549,C0179,P017,25/02/2025,2,Changed Mind,Pending,70933.47
R0034,O02744,C0456,P030,23/01/2025,3,Not as Expected,Rejected,34624.17
R0035,O02668,C0303,P012,16/01/2025,1,Late Delivery,Refunded,32257.38
R0036,O02492,C0363,P024,25/02/2025,2,Size/Color Issue,Refunded,5975.06
R0037,O02941,C0330,P037,11/2/2025,2,Changed Mind,Pending,5393.33
R0038,O00441,C0301,P009,21/05/2025,3,Size/Color Issue,Rejected,28877.38
R0039,O00357,C0322,P044,2/11/2025,3,Defective,Refunded,38163.56
R0040,O00392,Unknown,P015,9/8/2025,1,Not as Expected,Approved,64033.06
R0041,O01381,C0106,P034,30/11/2025,3,Size/Color Issue,Pending,32540.21
R0042,O00934,C0032,P038,27/04/2025,2,Defective,Refunded,30205.4
R0043,O01963,C0082,P022,18/02/2025,2,Late Delivery,Rejected,50050.54
R0044,O02414,C0048,P022,11/7/2025,1,Size/Color Issue,Refunded,5501.43
R0045,O02348,C0407,P034,13/02/2025,1,Late Delivery,Approved,"21,340.00"
R0046,O01044,C0411,P033,10/7/2025,1,Changed Mind,Approved,44191.65
R0047,O01732,C0485,P017,15/10/2025,3,Defective,Approved,31105.24
R0048,O01216,C0315,P025,7/12/2025,2,Not as Expected,Approved,72645.7
R0049,O02391,C0233,P044,4/11/2025,2,Defective,Approved,43554.93
R0050,O02733,C0348,P004,19/04/2025,1,Size/Color Issue,Refunded,17206.24
R0051,O01609,C0018,P030,25/02/2025,2,Not as Expected,Rejected,9058.96
R0052,O00532,C0254,P021,23/05/2025,3,Wrong Item,Refunded,63464.06
R0053,O00127,C0075,P041,15/11/2025,3,Size/Color Issue,Approved,45870.12
R0054,O01921,C0490,P015,3/12/2025,3,Defective,Approved,13941
R0055,O00325,C0203,P044,26/12/2025,2,Defective,Rejected,954.88
R0056,O01336,C0287,P044,15/03/2025,3,Size/Color Issue,Refunded,5684.11
R0057,O02159,C0345,P006,21/11/2025,1,Damaged,Pending,28526.48
R0058,O01756,C0347,P045,21/08/2025,2,Wrong Item,Rejected,23716.98
R0059,O02509,C0182,P011,16/06/2025,3,Changed Mind,Approved,66308.99
R0060,O00511,C0262,P047,21/03/2025,1,Not as Expected,Approved,50710.67
R0061,O01263,C0481,P038,20/05/2025,2,SIZE/COLOR ISSUE,Refunded,36681.8
R0062,O01037,C0010,P029,15/08/2025,2,Defective,Pending,56743.26
R0063,O02219,C0268,P037,28/02/2025,2,Late Delivery,Approved,21601.86
R0064,O01339,C0461,P046,14/12/2025,3,Late Delivery,Rejected,3883.59
R0065,O00818,C0115,P041,22/07/2025,3,Damaged,Approved,15729.52
R0066,O02384,C0019,P004,19/04/2025,1,Not as Expected,Rejected,22063.81
R0067,O00301,C0284,P023,3/3/2025,1,Late Delivery,Refunded,13589.26
R0068,O02860,C0385,P004,14/07/2025,3,Size/Color Issue,Pending,37769.54
R0069,O00462,C0403,P020,9/12/2025,2,Damaged,Refunded,64701.44
R0070,O00933,C0156,P043,22/01/2025,2,Damaged,Refunded,69126.6
R0071,O01447,C0490,P049,10/6/2025,3,Late Delivery,Refunded,53357.67
R0072,O02538,C0426,P032,2/8/2025,2,Damaged,Refunded,2053.81
R0073,O02135,C0394,P040,16/06/2025,1,Not as Expected,Refunded,62485.93
R0074,O02779,C0168,P005,5/7/2025,1,Late Delivery,Approved,18627.08
R0075,O00181,Unknown,P008,29/10/2025,2,CHANGED MIND,Approved,29984.62
R0076,O02147,C0416,P012,8/6/2025,3,Defective,Pending,25313.61
R0077,O00937,C0164,P038,28/03/2025,1,Changed Mind,Approved,40030.06
R0078,O00398,C0144,P004,10/4/2025,2,Defective,Pending,18102.03
R0079,O01104,C0161,P024,16/03/2025,2,Wrong Item,Pending,45378.72
R0080,O00052,C0003,P028,2/12/2025,1,Wrong Item,Refunded,35064.5
R0081,O02419,C0429,P036,16/10/2025,3,Late Delivery,Rejected,64886.39
R0082,O02148,C0484,P044,18/11/2025,2,Wrong Item,Refunded,5587.33
R0083,O00656,C0480,P038,15/08/2025,3,Defective,Rejected,44560.77
R0084,O01031,C0392,P050,30/06/2025,3,Damaged,Rejected,34899.82
R0085,O02533,C0104,P030,20/01/2025,1,Defective,Rejected,6216.46
R0086,O01109,C0108,P045,16/02/2025,3,Changed Mind,Refunded,34972.02
R0087,O02151,C0299,P021,11/10/2025,3,Damaged,Refunded,68224.22
R0088,O02813,C0456,P028,20/10/2025,3,Wrong Item,Rejected,45572.93
R0089,O02724,C0343,P023,14/09/2025,1,Damaged,Refunded,8210.89
R0090,O00104,C0005,P049,25/06/2025,3,Damaged,Pending,3416.09
R0091,O02448,C0446,P021,29/12/2025,2,Late Delivery,Pending,27610.4
R0092,O01778,C0446,P047,25/05/2025,2,Late Delivery,Rejected,51077.88
R0093,O02703,C0220,P018,27/01/2025,3,Size/Color Issue,Rejected,5410.43
R0094,O02969,C0281,P030,18/02/2025,3,Size/Color Issue,Refunded,21668.95
R0095,O00199,C0004,P014,3/12/2025,3,Not as Expected,Pending,25335.47
R0096,O01922,C0316,P017,26/10/2025,3,Wrong Item,Rejected,23612.26
R0097,O01859,C0125,P043,2/12/2025,3,Size/Color Issue,Refunded,10106.9
R0098,O00526,C0365,P006,29/12/2025,1,Defective,Refunded,48440.25
R0099,O00650,C0499,P025,18/06/2025,1,Size/Color Issue,Approved,48628.85
R0100,O02004,C0441,P044,5/8/2025,3,Defective,Approved,27513.53
R0101,O02213,C0281,P042,3/4/2025,1,Defective,Refunded,14804.39
R0102,O00069,Unknown,P018,12/3/2025,1,Damaged,Rejected,63409.91
R0103,O02225,C0397,P046,21/02/2025,3,Not as Expected,Approved,49813.73
R0104,O02290,C0211,P037,13/11/2025,1,Changed Mind,Refunded,11991.83
R0105,O02445,C0486,P036,3/4/2025,3,Not as Expected,Pending,54228.13
R0106,O01470,C0280,P031,23/01/2025,2,Defective,Pending,72734.35
R0107,O00562,C0211,P022,9/11/2025,2,Not as Expected,Refunded,17933.22
R0108,O01746,C0134,P002,3/5/2025,2,Not as Expected,Refunded,67846.09
R0109,O01518,C0120,P032,10/4/2025,2,Size/Color Issue,Refunded,34895.16
R0110,O01929,C0324,P014,25/05/2025,2,Changed Mind,Refunded,72486.98
R0111,O02871,C0389,P036,13/04/2025,3,Wrong Item,Rejected,4387.4
R0112,O02177,C0318,P012,4/9/2025,2,Changed Mind,Approved,53499.37
R0113,O01373,C0353,P010,22/09/2025,1,Defective,Approved,57352.2
R0114,O02050,C0218,P030,20/05/2025,2,Changed Mind,Pending,62412.98
R0115,O01885,C0095,P027,16/02/2025,1,Not as Expected,Refunded,66404.92
R0116,O01492,C0003,P023,14/01/2025,2,Damaged,Refunded,37899.53
R0117,O01930,C0345,P025,1/5/2025,2,Damaged,Rejected,17228.14
R0118,O02885,C0224,P030,13/06/2025,1,Not as Expected,Rejected,59457.86
R0119,O02886,C0430,P046,12/3/2025,1,Defective,Refunded,52357.36
R0120,O01103,C0212,P017,13/03/2025,3,Late Delivery,Refunded,46343.45
R0121,O02593,C0270,P039,10/2/2025,1,Defective,Pending,62704.75
R0122,O01320,C0163,P043,8/10/2025,3,Changed Mind,Refunded,8783.42
R0123,O01503,C0470,P048,28/05/2025,1,Defective,Approved,4057.33
R0124,O01787,C0038,P017,3/8/2025,3,Not as Expected,Refunded,5179.13
R0125,O01525,C0105,P039,13/09/2025,3,Changed Mind,Approved,47580.64
R0126,O02444,C0160,P015,22/10/2025,1,Size/Color Issue,Pending,22199.76
R0127,O01758,C0211,P035,1/1/2025,3,Defective,Pending,43014.45
R0128,O01974,Unknown,P008,6/4/2025,3,Size/Color Issue,Approved,39499.6
R0129,O02164,C0165,P025,4/7/2025,1,Changed Mind,Approved,29588.8
R0130,O01222,C0286,P024,29/08/2025,1,Size/Color Issue,Refunded,73587.44
R0131,O01491,C0480,P033,10/5/2025,3,Damaged,Rejected,59244.74
R0132,O00862,C0168,P022,26/06/2025,1,Size/Color Issue,Approved,57976.85
R0133,O01185,C0241,P010,20/06/2025,1,Damaged,Rejected,41178.02
R0134,O00770,C0481,P016,26/11/2025,1,Not as Expected,Refunded,73571.03
R0135,O00684,C0166,P050,3/9/2025,3,Wrong Item,Pending,5200.99
R0136,O02527,C0372,P016,23/08/2025,1,Defective,Pending,3763.57
R0137,O00197,C0091,P045,13/04/2025,1,Defective,Rejected,38896.08
R0138,O00425,C0280,P011,6/10/2025,2,Defective,Approved,56620.17
R0139,O02406,C0171,P047,8/4/2025,2,Defective,Approved,65001.97
R0140,O01055,C0252,P010,19/06/2025,2,Damaged,Rejected,33052.88
R0141,O02217,C0085,P003,24/07/2025,3,Late Delivery,Refunded,25758.23
R0142,O00791,C0391,P041,6/4/2025,2,Size/Color Issue,Refunded,27867.35
R0143,O02157,C0228,P014,23/09/2025,2,Not as Expected,Approved,54667.56
R0144,O01007,C0201,P003,10/2/2025,2,Changed Mind,Pending,41137.84
R0145,O00965,C0498,P038,14/06/2025,1,Damaged,Rejected,49738.48
R0146,O00249,C0205,P033,6/6/2025,2,Changed Mind,Refunded,12915.04
R0147,O00033,C0062,P049,16/08/2025,2,Late Delivery,Approved,54647.67
R0148,O01629,C0120,P041,30/06/2025,3,Late Delivery,Rejected,48140.46
R0149,O02429,C0024,P001,30/01/2025,1,Size/Color Issue,Refunded,27566.68
R0150,O00178,C0287,P046,14/12/2025,1,Damaged,Pending,63725.86
R0151,O01249,C0073,P045,14/12/2025,2,Damaged,Pending,5508.89
R0152,O02318,C0374,P005,27/11/2025,2,Defective,Refunded,71235.3
R0153,O01969,C0149,P002,17/01/2025,3,Wrong Item,Refunded,71187.35
R0154,O01243,C0316,P012,10/7/2025,2,Not as Expected,Approved,43257.17
R0155,O02679,C0284,P023,29/09/2025,2,Late Delivery,Rejected,48892.27
R0156,O01386,C0406,P002,8/5/2025,1,Damaged,Pending,37678.78
R0157,O01300,C0127,P023,18/07/2025,3,Damaged,Rejected,58234.85
R0158,O02674,C0245,P009,27/12/2025,2,Wrong Item,Rejected,52201.56
R0159,O00516,C0026,P003,9/9/2025,1,Damaged,Pending,64035.56
R0160,O02158,C0012,P029,20/08/2025,1,Size/Color Issue,Refunded,74796.05
R0161,O02409,C0239,P025,16/12/2025,2,Size/Color Issue,Rejected,53360.77
R0162,O01586,C0228,P018,9/10/2025,3,Defective,Rejected,63926.47
R0163,O00448,C0005,P009,31/12/2025,3,Size/Color Issue,Pending,59630.38
R0164,O00735,C0319,P034,18/09/2025,1,Damaged,Pending,59508.89
R0165,O00292,C0115,P010,2/5/2025,2,DAMAGED,Rejected,41774.6
R0166,O00144,C0213,P023,8/7/2025,2,Not as Expected,Pending,46090.15
R0167,O02925,C0386,P026,14/02/2025,1,Defective,Refunded,"6,329.25"
R0168,O02238,C0458,P029,3/9/2025,3,Late Delivery,Refunded,61838.79
R0169,O01676,C0037,P038,7/2/2025,1,Defective,Approved,34023.1
R0170,O00334,C0038,P029,15/12/2025,3,Defective,Pending,65908.03
R0171,O02403,C0044,P001,10/10/2025,3,Changed Mind,Pending,57699.73
R0172,O01018,C0125,P047,8/3/2025,2,Changed Mind,Approved,62438.62
R0173,O01953,C0187,P003,23/09/2025,1,Defective,Pending,12566.54
R0174,O01802,C0305,P004,30/12/2025,1,Defective,Rejected,63522.06
R0175,O02766,C0171,P033,9/5/2025,1,Size/Color Issue,Rejected,9825.19
R0176,O01949,C0174,P012,5/6/2025,3,Changed Mind,Approved,37941.7
R0177,O00569,C0439,P001,28/03/2025,3,Changed Mind,Pending,13254.45
R0178,O00648,C0194,P006,16/11/2025,3,Changed Mind,Rejected,63268.49
R0179,O01253,Unknown,P022,16/10/2025,1,Not as Expected,Approved,6551.1
R0180,O00180,C0258,P003,25/11/2025,3,Defective,Pending,57638.45
R0181,O02511,C0334,P025,2/8/2025,3,Size/Color Issue,Approved,37603.84
R0182,O00187,C0154,P005,18/11/2025,3,Defective,Rejected,36479.39
R0183,O02776,C0082,P018,17/12/2025,2,Defective,Refunded,5936.49
R0184,O01864,C0326,P030,31/01/2025,1,Late Delivery,Refunded,36576.71
R0185,O02982,C0043,P007,15/04/2025,2,Changed Mind,Pending,23787.4
R0186,O01548,C0218,P001,13/06/2025,3,Not as Expected,Rejected,73165.37
R0187,O00045,C0159,P039,8/3/2025,2,Changed Mind,Approved,24274.13
R0188,O01774,C0295,P047,27/08/2025,1,Defective,Refunded,18969.96
R0189,O01423,C0067,P009,19/02/2025,1,Defective,Refunded,64880.21
R0190,O01513,C0329,P038,3/8/2025,1,Not as Expected,Pending,61104.1
R0191,O01608,C0282,P039,23/10/2025,3,Defective,Pending,57352.54
R0192,O01248,C0412,P027,13/09/2025,3,Late Delivery,Refunded,65991.14
R0193,O01026,C0418,P041,12/9/2025,1,Damaged,Refunded,38155.61
R0194,O01241,C0247,P043,4/5/2025,1,Changed Mind,Rejected,4125.03
R0195,O00259,C0457,P002,25/05/2025,2,Changed Mind,Refunded,21788.25
R0196,O00538,C0490,P040,5/1/2025,1,Late Delivery,Pending,66242.95
R0197,O00910,C0301,P005,7/7/2025,2,Defective,Approved,30343.33
R0198,O02991,C0097,P048,19/10/2025,3,Wrong Item,Rejected,41715.11
R0199,O00951,C0192,P016,7/2/2025,2,Changed Mind,Refunded,57448.11
R0200,O01463,C0105,P049,24/05/2025,3,Size/Color Issue,Approved,10085.42
R0201,O01568,C0159,P015,19/02/2025,2,Defective,Rejected,42058.47
R0202,O01184,C0214,P035,7/7/2025,1,Wrong Item,Refunded,37755.8
R0203,O03000,C0437,P017,24/01/2025,1,Wrong Item,Rejected,60395.46
R0204,O02947,C0158,P026,23/09/2025,2,Wrong Item,Pending,24933.46
R0205,O01555,C0137,P005,10/11/2025,2,Wrong Item,Refunded,74300.87
R0206,O02840,C0228,P009,3/6/2025,3,Defective,Refunded,53301.12
R0207,O00771,C0302,P002,3/6/2025,2,Not as Expected,Approved,27942.66
R0208,O00795,C0356,P023,11/12/2025,1,Late Delivery,Rejected,59858.23
R0209,O01825,C0447,P022,19/12/2025,3,Damaged,Refunded,20282.02
R0210,O00031,C0025,P048,2/12/2025,3,Changed Mind,Pending,54244.31
R0211,O01632,C0320,P046,26/10/2025,2,Wrong Item,Refunded,11509.29
R0212,O00468,C0456,P046,15/12/2025,1,Damaged,Approved,14713.43
R0213,O00952,C0113,P001,14/08/2025,2,Late Delivery,Pending,31265.53
R0214,O02856,C0167,P040,15/04/2025,2,Changed Mind,Refunded,65524.92
R0215,O00724,C0263,P018,1/2/2025,3,WRONG ITEM,Pending,42286.06
R0216,O02534,C0358,P016,6/12/2025,2,Changed Mind,Refunded,23874.57
R0217,O02551,C0129,P010,30/03/2025,2,Changed Mind,Rejected,41197.35
R0218,O01438,C0461,P048,13/12/2025,3,Size/Color Issue,Rejected,45950.71
R0219,O01873,C0482,P047,9/4/2025,1,Defective,Rejected,17252.59
R0220,O01468,C0318,P021,2/6/2025,2,Size/Color Issue,Pending,51922.87
R0221,O00299,C0362,P004,8/9/2025,2,Late Delivery,Rejected,42256.33
R0222,O01869,C0029,P006,21/05/2025,2,Damaged,Refunded,67234.15
R0223,O00165,C0223,P013,22/07/2025,2,Not as Expected,Pending,22138.72
R0224,O00415,C0336,P023,28/05/2025,3,Damaged,Rejected,69338.72
R0225,O02750,C0458,P013,2/12/2025,2,Size/Color Issue,Refunded,16442.02
R0226,O01306,C0068,P012,3/10/2025,2,Changed Mind,Rejected,10726.84
R0227,O01219,Unknown,P034,12/11/2025,3,Changed Mind,Pending,18563.12
R0228,O01599,C0292,P043,9/12/2025,3,Wrong Item,Pending,4410.59
R0229,O02539,C0241,P037,31/07/2025,2,Size/Color Issue,Refunded,7990.6
R0230,O02598,C0448,P025,12/3/2025,1,Changed Mind,Pending,30814.61
R0231,O01315,C0474,P036,1/9/2025,2,Size/Color Issue,Pending,0
R0232,O00075,C0111,P020,28/05/2025,2,Defective,Approved,68141.3
R0233,O00573,C0332,P026,15/02/2025,3,Changed Mind,Pending,40368.84
R0234,O02305,C0020,P001,20/01/2025,1,Late Delivery,Pending,70077.23
R0235,O00214,C0436,P038,19/01/2025,2,Not as Expected,Refunded,14380.22
R0236,O02216,C0092,P023,29/05/2025,1,Damaged,Rejected,42813.16
R0237,O00065,C0014,P038,24/02/2025,2,Defective,Refunded,74187.91
R0238,O01526,C0429,P026,6/10/2025,3,Late Delivery,Pending,63903.95
R0239,O00986,C0145,P050,28/08/2025,2,Wrong Item,Approved,25135.97
R0240,O00321,C0190,P049,23/08/2025,3,DEFECTIVE,Pending,1549.27
R0241,O00046,C0044,P011,22/06/2025,2,Changed Mind,Pending,13574.37
R0242,O01138,C0059,P016,24/11/2025,2,Not as Expected,Refunded,38888.41
R0243,O02823,C0107,P049,14/02/2025,2,Size/Color Issue,Approved,14266.2
R0244,O02892,C0054,P029,13/03/2025,2,Defective,Pending,1008.84
R0245,O02869,C0464,P003,16/07/2025,1,Late Delivery,Rejected,71575.59
R0246,O02845,C0155,P027,4/6/2025,3,Size/Color Issue,Approved,19985.71
R0247,O00082,C0407,P011,4/7/2025,3,Wrong Item,Approved,50250.07
R0248,O02461,C0187,P033,27/08/2025,2,Wrong Item,Refunded,51612.48
R0249,O02493,C0029,P027,27/12/2025,2,Size/Color Issue,Approved,48083.99
R0250,O01940,C0299,P037,1/6/2025,2,Changed Mind,Pending,16825.08
R0251,O00095,C0267,P026,10/3/2025,2,Wrong Item,Refunded,56206.25
R0252,O01604,C0106,P026,7/11/2025,2,Late Delivery,Refunded,56922.61
R0253,O02220,C0409,P002,7/12/2025,1,Not as Expected,Pending,51185.47
R0254,O02252,C0291,P020,2/11/2025,1,Changed Mind,Refunded,39848.9
R0255,O01623,C0275,P034,5/7/2025,1,Changed Mind,Approved,5100.97
R0256,O02214,C0038,P028,8/10/2025,3,Wrong Item,Pending,12758.02
R0257,O00754,C0300,P009,24/09/2025,2,Damaged,Pending,53910.39
R0258,O01472,C0280,P043,8/9/2025,1,Changed Mind,Refunded,60747.56
R0259,O00676,C0037,P018,21/08/2025,1,Changed Mind,Refunded,34531.49
R0260,O01566,C0410,P039,30/01/2025,3,Late Delivery,Rejected,54384.37
R0261,O00335,C0379,P020,22/07/2025,2,Not as Expected,Approved,56062.43
R0262,O01356,C0389,P040,24/10/2025,1,Damaged,Refunded,26167.4
R0263,O00465,C0147,P028,2/2/2025,3,Damaged,Approved,73967.22
R0264,O01049,C0390,P023,30/08/2025,1,Defective,Refunded,13908.61
R0265,O01603,C0033,P024,11/3/2025,3,Size/Color Issue,Refunded,28397.34
R0266,O01580,C0084,P010,15/07/2025,2,Not as Expected,Refunded,28485.59
R0267,O00242,C0308,P032,16/12/2025,3,Not as Expected,Pending,49188.29
R0268,O01832,C0050,P021,28/06/2025,1,Wrong Item,Refunded,39898.77
R0269,O02663,C0061,P028,25/04/2025,1,Not as Expected,Approved,73397.56
R0270,O01056,C0321,P036,26/08/2025,3,Size/Color Issue,Refunded,40129.05
R0271,O00919,Unknown,P018,28/04/2025,1,Late Delivery,Rejected,12056.54
R0272,O01842,C0089,P003,7/4/2025,3,Not as Expected,Approved,2900.19
R0273,O02557,C0061,P024,5/12/2025,2,Changed Mind,Approved,18429.64
R0274,O01512,C0136,P035,4/2/2025,1,Changed Mind,Approved,33759.86
R0275,O01501,C0303,P025,11/12/2025,3,Not as Expected,Approved,18732.69
R0276,O02396,C0164,P001,23/01/2025,2,Late Delivery,Pending,40712.11
R0277,O01418,C0426,P001,29/01/2025,1,Changed Mind,Rejected,17945.03
R0278,O02276,C0088,P018,22/10/2025,2,Changed Mind,Rejected,18149.35
R0279,O01897,C0475,P006,15/03/2025,3,Changed Mind,Pending,31310.24
R0280,O02407,C0178,P012,21/05/2025,1,Changed Mind,Pending,47136.49
R0281,O00500,C0103,P013,7/8/2025,3,Late Delivery,Approved,72935.62
R0282,O00840,C0353,P013,26/11/2025,3,Late Delivery,Rejected,52374.98
R0283,O00372,C0056,P010,29/07/2025,1,Defective,Refunded,14198.98
R0284,O00540,C0318,P037,3/10/2025,2,Wrong Item,Pending,22904.86
R0285,O02408,C0446,P013,29/12/2025,1,Not as Expected,Refunded,68648.22
R0286,O00370,C0332,P003,15/10/2025,2,Late Delivery,Pending,29437.22
R0287,O01204,C0466,P045,11/5/2025,1,Defective,Approved,69205.84
R0288,O00683,C0178,P019,9/7/2025,1,Changed Mind,Pending,4339.48
R0289,O01069,C0081,P030,13/07/2025,3,Changed Mind,Approved,65584.72
R0290,O02721,C0481,P027,7/4/2025,3,Size/Color Issue,Pending,36214.87
R0291,O00607,C0053,P016,20/06/2025,2,Damaged,Pending,70318.4
R0292,O00880,C0419,P029,2/3/2025,3,Not as Expected,Refunded,68625.88
R0293,O00850,C0087,P022,23/12/2025,3,Size/Color Issue,Pending,30049.09
R0294,O01353,C0217,P008,3/5/2025,3,Defective,Rejected,28859.3
R0295,O02797,C0454,P005,1/10/2025,3,Defective,Rejected,19986.34
R0296,O01987,C0094,P034,20/09/2025,2,Late Delivery,Approved,60309.84
R0297,O01442,C0046,P029,29/08/2025,2,Wrong Item,Rejected,23812.69
R0298,O00936,C0205,P033,24/01/2025,3,Not as Expected,Pending,55723.3
R0299,O00711,C0303,P036,9/1/2025,2,Changed Mind,Refunded,22491.83
R0300,O02559,C0137,P042,11/4/2025,2,Wrong Item,Refunded,42949.32
R0301,O00835,C0321,P031,6/5/2025,2,Changed Mind,Rejected,19670.84
R0302,O02957,C0064,P034,8/9/2025,3,Size/Color Issue,Refunded,34831.76
R0303,O02418,C0494,P011,30/06/2025,1,Wrong Item,Refunded,14211.56
R0304,O02655,C0086,P017,5/10/2025,3,Damaged,Approved,63010.6
R0305,O02328,C0076,P031,8/2/2025,3,Damaged,Approved,31223.22
R0306,O02038,C0122,P031,19/11/2025,1,Damaged,Pending,1181.04
R0307,O00072,C0117,P006,16/09/2025,2,Defective,Approved,46528.73
R0308,O00416,C0151,P032,8/12/2025,3,Late Delivery,Refunded,1672.02
R0309,O00437,C0434,P028,30/09/2025,3,Late Delivery,Approved,1746.1
R0310,O00324,C0497,P007,21/05/2025,3,Defective,Approved,37915.09
R0311,O00057,C0385,P034,24/12/2025,3,Late Delivery,Pending,8472.72
R0312,O02958,C0083,P021,19/02/2025,3,Wrong Item,Pending,14798.94
R0313,O00586,C0467,P015,27/09/2025,2,Not as Expected,Rejected,20415.69
R0314,O00484,C0226,P010,23/07/2025,1,Defective,Refunded,34695.33
R0315,O01707,C0393,P043,5/5/2025,3,Wrong Item,Rejected,51461.1
R0316,O00623,C0210,P042,11/2/2025,3,Not as Expected,Approved,7465.79
R0317,O01776,C0224,P034,14/07/2025,2,Changed Mind,Refunded,4680.56
R0318,O00815,C0105,P004,5/1/2025,3,Wrong Item,Approved,37739.45
R0319,O00816,C0272,P024,11/8/2025,3,Not as Expected,Rejected,42656.32
R0320,O02466,C0280,P041,18/02/2025,3,Damaged,Pending,16250.57
R0321,O02029,C0271,P014,21/12/2025,3,Late Delivery,Rejected,3968.87
R0322,O01273,C0367,P007,8/2/2025,3,Defective,Approved,13861.91
R0323,O00327,C0394,P007,11/6/2025,1,Wrong Item,Pending,56542.96
R0324,O01520,C0115,P048,31/12/2025,2,Damaged,Rejected,12602.54
R0325,O02080,C0384,P013,4/5/2025,3,Not as Expected,Refunded,50939.1
R0326,O02194,C0086,P029,4/10/2025,2,Late Delivery,Pending,59392.11
R0327,O01127,C0144,P028,19/12/2025,3,Damaged,Rejected,4500.38
R0328,O02275,C0017,P029,12/8/2025,1,Not as Expected,Approved,25874.16
R0329,O00848,C0156,P016,11/11/2025,3,Late Delivery,Rejected,2707.11
R0330,O00750,C0208,P008,20/05/2025,2,Late Delivery,Pending,27007.93
R0331,O01898,C0273,P026,12/7/2025,2,Wrong Item,Refunded,6884.21
R0332,O02154,C0246,P033,13/11/2025,2,Not as Expected,Pending,53626.59
R0333,O02987,C0268,P049,12/2/2025,2,Wrong Item,Refunded,53519.95
R0334,O02624,C0142,P009,21/11/2025,1,Size/Color Issue,Refunded,24092.53
R0335,O00123,C0005,P013,24/02/2025,1,Damaged,Rejected,33632.82
R0336,O01522,Unknown,P035,19/05/2025,1,Wrong Item,Approved,14460.69
R0337,O02820,C0478,P013,18/08/2025,3,Changed Mind,Refunded,8195.32
R0338,O01471,C0217,P049,15/02/2025,2,Changed Mind,Approved,44970.88
R0339,O01935,C0351,P021,16/06/2025,2,Damaged,Rejected,31328.85
R0340,O00503,C0366,P030,13/02/2025,3,Changed Mind,Pending,43111.05
R0341,O02211,C0045,P041,28/03/2025,3,Late Delivery,Pending,10843.58
R0342,O00236,C0101,P021,4/6/2025,2,Late Delivery,Pending,5213.4
R0343,O00537,C0354,P016,11/8/2025,2,Late Delivery,Rejected,36575.23
R0344,O00560,C0176,P025,9/2/2025,2,Defective,Pending,54207.01
R0345,O00114,C0304,P012,11/9/2025,3,Changed Mind,Pending,34610.69
R0346,O01085,C0488,P028,11/3/2025,2,Damaged,Refunded,25250.18
R0347,O00221,C0132,P024,14/11/2025,2,Not as Expected,Rejected,33296.61
R0348,O00577,C0500,P036,9/8/2025,3,Changed Mind,Pending,22882.43
R0349,O00435,C0121,P012,5/11/2025,3,Wrong Item,Refunded,23906.65
R0350,O00512,C0334,P034,23/07/2025,2,DEFECTIVE,Refunded,72598.35
R0351,O01061,C0011,P007,5/5/2025,2,Late Delivery,Rejected,61328.84
R0352,O01747,C0344,P027,21/07/2025,2,Damaged,Pending,0
R0353,O00699,C0010,P027,7/10/2025,1,Size/Color Issue,Approved,71498.84
R0354,O02432,C0004,P019,25/08/2025,3,Wrong Item,Refunded,59927.57
R0355,O00490,C0262,P038,21/12/2025,1,Not as Expected,Refunded,50636.84
R0356,O02361,C0399,P036,13/03/2025,3,Defective,Pending,19324.79
R0357,O01225,C0193,P010,20/03/2025,3,Late Delivery,Refunded,6010.4
R0358,O01073,C0357,P018,3/11/2025,2,Changed Mind,Refunded,40310.37
R0359,O01113,C0035,P038,21/12/2025,2,Changed Mind,Approved,59408.71
R0360,O01549,C0100,P033,4/7/2025,3,Not as Expected,Approved,8648.02
R0361,O00483,C0174,P020,8/5/2025,3,Size/Color Issue,Rejected,12892.22
R0362,O02152,C0270,P046,10/11/2025,1,Changed Mind,Refunded,72527.43
R0363,O00617,C0028,P001,19/06/2025,2,Damaged,Approved,7846.19
R0364,O02240,C0073,P015,24/04/2025,3,Size/Color Issue,Pending,33710.5
R0365,O02073,C0162,P007,20/07/2025,2,Not as Expected,Pending,26200.07
R0366,O01115,C0484,P049,13/01/2025,2,Damaged,Rejected,31490.17
R0367,O00030,C0015,P023,13/02/2025,1,Not as Expected,Pending,26450.48
R0368,O01976,C0154,P016,25/06/2025,2,Not as Expected,Pending,39323.05
R0369,O00959,C0497,P007,28/06/2025,2,Damaged,Refunded,54288.55
R0370,O02759,C0313,P026,20/08/2025,2,Damaged,Rejected,3828.89
R0371,O02806,C0266,P002,30/12/2025,1,Damaged,Rejected,48773.76
R0372,O00939,C0458,P009,13/12/2025,1,Size/Color Issue,Pending,38941.55
R0373,O00186,C0223,P006,10/10/2025,1,Defective,Refunded,71905.47
R0374,O01033,C0162,P001,29/04/2025,2,Size/Color Issue,Pending,14385.83
R0375,O00191,C0400,P002,3/12/2025,2,Late Delivery,Approved,55435.43
R0376,O00173,C0097,P016,12/4/2025,2,Changed Mind,Refunded,29468.27
R0377,O01162,C0059,P004,27/12/2025,1,Wrong Item,Rejected,56548.25
R0378,O00044,C0334,P015,2/2/2025,3,Damaged,Pending,27751.58
R0379,O00089,C0305,P007,11/4/2025,2,Damaged,Rejected,50467.26
R0380,O02146,C0262,P005,8/9/2025,3,Size/Color Issue,Rejected,44974.33
R0381,O00813,C0313,P001,9/11/2025,2,Changed Mind,Approved,26420.39
R0382,O00285,C0076,P033,23/08/2025,3,Wrong Item,Rejected,68941.85
R0383,O02359,C0379,P047,30/10/2025,1,Size/Color Issue,Pending,23832.34
R0384,O00533,C0432,P017,3/5/2025,2,Damaged,Pending,28311.3
R0385,O02178,C0305,P031,14/03/2025,3,Late Delivery,Refunded,44933.72
R0386,O00846,C0039,P007,22/10/2025,2,Late Delivery,Pending,36756.93
R0387,O01752,C0304,P014,3/10/2025,3,Size/Color Issue,Pending,41840.99
R0388,O00701,C0278,P003,8/9/2025,2,Wrong Item,Pending,23936.21
R0389,O01978,C0149,P026,19/08/2025,3,Damaged,Rejected,71412.23
R0390,O02021,C0116,P019,6/9/2025,1,Wrong Item,Refunded,72305.27
R0391,O02443,C0096,P007,16/09/2025,3,Late Delivery,Refunded,51509.9
R0392,O00152,C0490,P019,1/8/2025,3,Not as Expected,Refunded,36908.11
R0393,O01019,C0475,P014,12/2/2025,3,Damaged,Pending,22260.7
R0394,O02919,C0367,P003,21/05/2025,1,Changed Mind,Rejected,13031.57
R0395,O02382,C0200,P025,23/08/2025,3,SIZE/COLOR ISSUE,Refunded,41454.6
R0396,O01389,C0214,P019,27/02/2025,3,Damaged,Rejected,58245.92
R0397,O02601,C0262,P037,7/7/2025,3,Not as Expected,Approved,57120.31
R0398,O02233,C0387,P018,14/08/2025,3,Wrong Item,Refunded,8130.02
R0399,O00137,C0360,P004,1/12/2025,1,Defective,Approved,34005.06
R0400,O02642,C0360,P048,28/06/2025,1,Late Delivery,Approved,58284.56
R0401,O00476,C0243,P039,2/5/2025,1,Not as Expected,Rejected,64648.13
R0402,O00767,C0308,P005,9/11/2025,3,Late Delivery,Pending,46403.26
R0403,O02427,C0442,P003,16/04/2025,1,Not as Expected,Approved,42970.54
R0404,O01835,C0362,P020,30/09/2025,2,Changed Mind,Pending,24612.19
R0405,O02366,C0493,P035,27/12/2025,2,Defective,Rejected,71453.6
R0406,O01006,C0221,P017,21/09/2025,3,Not as Expected,Approved,10601.37
R0407,O02589,C0361,P037,30/07/2025,1,Defective,Pending,52756.28
R0408,O01839,C0093,P013,9/3/2025,1,Wrong Item,Rejected,62221.89
R0409,O02665,C0254,P034,13/12/2025,2,Late Delivery,Pending,43518.2
R0410,O01681,C0465,P040,18/05/2025,3,Late Delivery,Refunded,34173.38
R0411,O00851,C0230,P037,21/11/2025,1,Late Delivery,Rejected,52255.42
R0412,O01959,C0249,P039,8/7/2025,2,Late Delivery,Rejected,43855.69
R0413,O00224,C0486,P027,17/02/2025,3,Late Delivery,Rejected,63832.91
R0414,O01849,C0338,P011,1/10/2025,2,Wrong Item,Refunded,61951.15
R0415,O01308,C0041,P038,11/9/2025,2,Defective,Rejected,25662.76
R0416,O00657,C0392,P015,23/10/2025,1,Changed Mind,Refunded,59228.62
R0417,O00837,C0322,P014,16/12/2025,1,Damaged,Approved,47150.37
R0418,O02125,C0258,P027,24/08/2025,1,Damaged,Pending,33375.8
R0419,O00176,C0210,P040,1/1/2025,2,WRONG ITEM,Pending,66220.01
R0420,O00804,C0343,P028,4/6/2025,1,Not as Expected,Rejected,7453.83
